{"world":"1_9","x":-212.7374743482893,"y":60.49078962975474,"z":-325.96189896303605,"pitch":8.999984,"yaw":283.65}