{"world":"wooftywoo","x":3999.855605449515,"y":91.0,"z":4129.795588960227,"pitch":20.667633,"yaw":292.62064}