{"world":"1_9","x":1301.072343252318,"y":57.0,"z":1989.3507058094347,"pitch":1.650066,"yaw":161.42786}