{"world":"obstaclecourse","x":16.4635654918603,"y":60.33509156971034,"z":5.539172455711265,"pitch":29.788677,"yaw":7.674479}