{"world":"1_9","x":27.4192254957,"y":60.66078697483109,"z":-320.30000001192093,"pitch":17.699974,"yaw":99.6247}