{"world":"spawn","x":24.230975181693086,"y":9.0,"z":-36.058678296863825,"pitch":3.3695145,"yaw":-358.9953}