{"world":"plots","x":-60.608537452031705,"y":77.12054951725126,"z":113.79481149530244,"pitch":28.770428,"yaw":-89.94855}