{"world":"spawn","x":5.824814892120024,"y":10.0,"z":0.12557929744314064,"pitch":2.79804,"yaw":95.29004}