{"world":"spawn","x":0.12608062115765434,"y":10.0,"z":1.0377120267049034,"pitch":-0.071945444,"yaw":87.358025}