{"world":"spawn","x":20.079590602984638,"y":9.0,"z":0.48624693876866065,"pitch":11.249996,"yaw":-163.95047}