{"world":"1_9","x":778.8366698004662,"y":76.23847362337197,"z":-487.863335821719,"pitch":33.449993,"yaw":-97.492676}