{"world":"1_9","x":710.3000000119209,"y":64.0,"z":-471.69999998807907,"pitch":12.449995,"yaw":159.6018}