{"world":"1_9","x":168.31750586468195,"y":76.49048103968373,"z":-321.84227779233294,"pitch":30.254635,"yaw":78.91333}