{"world":"wooftywoo","x":2108.9246134792506,"y":73.0,"z":-1165.699999988079,"pitch":21.64019,"yaw":-166.12012}