{"world":"spawn","x":-5.2157787294411415,"y":9.0,"z":-34.982149236420966,"pitch":0.29999542,"yaw":-193.80043}