{"world":"greenfield","x":-1969.699999988079,"y":69.0,"z":-60.300000011920915,"pitch":-5.846435,"yaw":-193.895}