{"world":"1_9","x":738.4795872791581,"y":13.0,"z":-3719.699999988079,"pitch":17.99999,"yaw":-132.03918}