{"world":"1_9","x":-230.99198306041015,"y":56.69423537815085,"z":-312.80373626324666,"pitch":-22.200005,"yaw":-151.65001}