{"world":"spawn","x":-27.693216167798504,"y":9.0,"z":0.6086932701596399,"pitch":-3.7990077,"yaw":-266.39673}