{"world":"1_9","x":54.75572652563119,"y":67.0,"z":-317.641431680146,"pitch":18.300016,"yaw":29.250244}