{"world":"1_9","x":2915.068963810623,"y":91.0,"z":778.3000000119209,"pitch":23.700119,"yaw":86.47839}