{"world":"wooftywoo","x":9061.392448524168,"y":65.0,"z":12037.441053827155,"pitch":38.54998,"yaw":-67.380615}