{"world":"plots","x":-68.72917557425872,"y":77.1433859496172,"z":111.35808563511674,"pitch":36.450077,"yaw":324.90344}