{"world":"plots","x":-68.92900962081782,"y":77.0,"z":110.36670165190753,"pitch":26.699972,"yaw":-255.5993}