{"world":"1_9","x":-568.2922564444385,"y":87.25810561214325,"z":-1027.3035511760709,"pitch":12.899972,"yaw":342.5858}