{"world":"colosseumlobby","x":0.005038976185822802,"y":88.0,"z":-1.2946297546837533,"pitch":2.7000003,"yaw":184.19997}