{"world":"anarchy","x":35.07589567326189,"y":64.0,"z":90.30000001192093,"pitch":26.699987,"yaw":223.05037}