{"world":"1_9","x":-2806.845853484618,"y":69.0,"z":-1793.0038708663049,"pitch":19.049974,"yaw":-341.8886}