{"world":"1_9","x":-242.4876031533483,"y":45.47751672994998,"z":-313.3707776484783,"pitch":8.699976,"yaw":-17.999924}