{"world":"spawnworld","x":0.5110978926306227,"y":10.0,"z":0.6760970844936544,"pitch":12.900001,"yaw":-4.6504064}