{"world":"1_9","x":-169.00128454089628,"y":48.0,"z":-321.73687965248604,"pitch":9.299993,"yaw":-93.29938}