{"world":"1_9","x":-6076.664340051923,"y":64.0,"z":-902.7671637452445,"pitch":9.900101,"yaw":-16.799866}