{"world":"flat","x":-61.83787079799761,"y":17.225703772179077,"z":-717.4105396145665,"pitch":16.050388,"yaw":75.019775}