{"world":"hilariousrace","x":4.850386643193575,"y":80.0,"z":231.69999998807907,"pitch":-1.9500078,"yaw":-1.349314}