{"world":"1_9","x":131.69999998807907,"y":67.0,"z":-316.07499998807907,"pitch":9.422754,"yaw":-332.92258}