{"world":"wooftywoo","x":2000.0211104628363,"y":72.0,"z":-1156.8746452231812,"pitch":25.401339,"yaw":140.74564}