{"world":"1_9","x":-191.01719548806474,"y":72.88181115186097,"z":-325.1272672997406,"pitch":29.35969,"yaw":-85.27548}