{"world":"greenfield","x":-1967.9788895379925,"y":47.0,"z":-38.14713202022181,"pitch":11.399996,"yaw":96.58258}