{"world":"elytramedium","x":47.684350271561776,"y":27.547964634968817,"z":88.78649110634197,"pitch":-90.0,"yaw":151.8995}