{"world":"spawn","x":67.48750001192091,"y":10.0,"z":-56.038422950436434,"pitch":-83.399994,"yaw":-272.24994}