{"world":"1_9","x":129.25383285297923,"y":67.0,"z":-317.2798038127107,"pitch":0.5999786,"yaw":72.30005}