{"world":"1_9","x":-2643.3783991819223,"y":67.0,"z":1284.5796724600802,"pitch":24.672373,"yaw":-29.92305}