{"world":"1_9","x":283.30000001192093,"y":76.5625,"z":-1034.0102731623424,"pitch":1.3049335,"yaw":304.7158}