{"world":"spawnworld","x":-3.577758292614914,"y":9.0,"z":-28.41865371601454,"pitch":12.2999935,"yaw":168.29955}