{"world":"1_9","x":128.96180344337398,"y":67.0,"z":-317.07499998807907,"pitch":90.0,"yaw":126.1503}