{"world":"1_9","x":2244.2734396264837,"y":73.875,"z":1238.2783634732514,"pitch":59.408867,"yaw":-212.23918}