{"world":"spawn","x":0.9326362215213994,"y":10.0,"z":10.784447920018998,"pitch":26.999973,"yaw":157.49948}