{"world":"plots","x":119.70927178618825,"y":77.20708650360059,"z":-127.86737203652945,"pitch":10.694322,"yaw":79.85142}