{"world":"greenfield","x":3.5391708965571396,"y":124.0,"z":-203.55732513711067,"pitch":15.150015,"yaw":-276.90036}