{"world":"spawn","x":0.6721617747427657,"y":10.0,"z":0.8403943014401931,"pitch":9.449994,"yaw":-185.25041}