{"world":"1_9","x":-183.81027914406408,"y":67.0,"z":-317.99197322907554,"pitch":20.24991,"yaw":-77.40005}