{"world":"1_9","x":110.46578688728789,"y":64.0,"z":-305.82067322432727,"pitch":21.449986,"yaw":69.00008}