{"world":"tomorrowland","x":3499.0981655600635,"y":47.5,"z":4450.570990983322,"pitch":17.43099,"yaw":89.97905}