{"world":"plots","x":81.86892503418542,"y":100.49313645723484,"z":-30.129320940772036,"pitch":55.46402,"yaw":-16.228025}