{"world":"1_9","x":2459.427105821285,"y":69.0,"z":949.3000000119209,"pitch":37.38005,"yaw":-132.72607}