{"world":"1_9","x":799.8852560940486,"y":63.0,"z":1565.8728049792232,"pitch":14.678265,"yaw":112.49765}