{"world":"1_9","x":-2629.729115527004,"y":63.0,"z":1227.2333650405508,"pitch":31.199982,"yaw":10.930878}