{"world":"1_9","x":-43.01027049505977,"y":67.0,"z":-315.63182712267934,"pitch":14.550037,"yaw":262.64877}