{"world":"1_9","x":2247.699999988079,"y":72.0,"z":700.5895069256742,"pitch":9.150026,"yaw":-91.58362}