{"world":"1_9","x":2282.300000011921,"y":74.08240710983456,"z":687.9492305488966,"pitch":48.561665,"yaw":-101.19336}