{"world":"1_9","x":94.12310168181277,"y":103.0923279582914,"z":-315.5121714587278,"pitch":25.049986,"yaw":-272.54956}