{"world":"1_9","x":88.1919396949263,"y":67.0,"z":-316.67864320983574,"pitch":-0.75001055,"yaw":-92.250015}