{"world":"spawn","x":-4.210477707207517,"y":10.0,"z":1.3197199905914925,"pitch":19.824778,"yaw":-267.0587}