{"world":"plots","x":363.69999998807907,"y":39.0,"z":168.30017852882156,"pitch":27.450012,"yaw":359.95508}