{"world":"greenfield","x":-369.93911248986865,"y":69.0,"z":-215.4060070228066,"pitch":10.350014,"yaw":-264.30048}