{"world":"1_9","x":62.28240855709444,"y":67.0,"z":-317.1844653834189,"pitch":11.099994,"yaw":108.00007}