{"world":"creative","x":24191.00420354295,"y":101.16144321722781,"z":24079.961223108872,"pitch":42.29997,"yaw":-158.09833}