{"world":"plots","x":81.90351373489325,"y":78.51796801905203,"z":39.48773995935663,"pitch":62.85006,"yaw":84.755066}