{"world":"1_9","x":114.35725369969751,"y":64.0,"z":-299.36860938780933,"pitch":24.599968,"yaw":87.29996}