{"world":"survival","x":23.15627189106274,"y":69.0,"z":-58.485861758283676,"pitch":3.4500287,"yaw":-128.39989}