{"world":"1_9","x":-218.53172901102053,"y":66.60956799090576,"z":-314.45236705904284,"pitch":85.65,"yaw":-1.049164}