{"world":"1_9","x":2297.3921783516407,"y":64.0,"z":723.1326546767681,"pitch":18.400974,"yaw":65.229004}