{"world":"1_9","x":-2635.8683701885793,"y":61.0,"z":1181.839961889987,"pitch":18.059988,"yaw":-21.824783}