{"world":"wooftywoo","x":3999.469111372401,"y":91.0,"z":4082.7667478508306,"pitch":7.330245,"yaw":-174.91037}