{"data-format":1,"ender-chest":[],"inventory":{"inventory":[],"armor":[]},"stats":{"can-fly":true,"display-name":"superman1576§r","exhaustion":0.5730059,"exp":0.71428573,"flying":true,"food":20,"gamemode":"SURVIVAL","health":80.0,"level":0,"potion-effects":"1:199255:6;5:199255:15;16:199255:1;3:199255:100;21:199255:14;10:199255:1;11:199255:2;13:199255:1;12:199255:1;","saturation":14.0,"fallDistance":0.0,"fireTicks":-20,"maxAir":300,"remainingAir":300}}