{"world":"1_9","x":-244.6168140705315,"y":60.23333968990459,"z":-316.6055321958028,"pitch":14.017998,"yaw":77.45151}