{"world":"1_9","x":50.66353377211834,"y":67.0,"z":-317.60203945245206,"pitch":-0.4071073,"yaw":90.22516}