{"world":"1_9","x":107.13987261961252,"y":58.745007858807185,"z":-352.7742259757273,"pitch":26.667948,"yaw":-251.28687}