{"world":"1_9","x":376.00300564882446,"y":129.0,"z":604.1447337584325,"pitch":26.099998,"yaw":357.00095}