{"world":"1_9","x":699.8739878135056,"y":101.27487786876978,"z":-5039.180070164344,"pitch":16.531626,"yaw":187.3778}