{"world":"wooftywoo","x":3992.415261447911,"y":91.0625,"z":4015.097198371139,"pitch":4.799983,"yaw":-91.50128}