{"world":"wooftywoo","x":1168.9831604770131,"y":68.0,"z":-4024.6137910157677,"pitch":6.4338017,"yaw":-179.40727}