{"world":"spawn","x":2.369510411297304,"y":10.0,"z":5.448366905943936,"pitch":7.443444,"yaw":84.87926}