{"world":"1_9","x":80.19609659490177,"y":55.18843735965937,"z":-319.97700207091265,"pitch":22.199987,"yaw":134.25009}