{"world":"1_9","x":-2978.7361211480456,"y":83.72911230873002,"z":-1824.8932985016897,"pitch":33.749992,"yaw":21.41687}