{"world":"wooftywoo","x":4000.625608898379,"y":91.0,"z":4081.966681764106,"pitch":14.550006,"yaw":-39.75147}