{"world":"flat","x":-703.725875473216,"y":4.0,"z":271.2395385646453,"pitch":15.599995,"yaw":-80.45508}