{"world":"wooftywoo","x":3707.836060689216,"y":201.0,"z":5061.442268219537,"pitch":19.022905,"yaw":319.84802}