{"world":"deathdrop","x":1.292717957925227,"y":253.0,"z":0.2517046602098572,"pitch":51.000015,"yaw":127.8005}