{"world":"1_9","x":2274.2666733506253,"y":102.37321215291739,"z":691.891305014188,"pitch":27.42089,"yaw":-273.00037}