{"world":"1_9","x":-153.79148934669803,"y":67.0,"z":-317.19007838755306,"pitch":7.0499883,"yaw":-90.29977}