{"world":"greenfield","x":-694.5245168404316,"y":69.0,"z":-216.60519815895265,"pitch":-11.550007,"yaw":-270.44916}