{"world":"spawnworld","x":-2.90330161577262,"y":9.0,"z":17.415317278748685,"pitch":19.499994,"yaw":-174.30042}