{"world":"1_9","x":124.94714306885605,"y":67.0,"z":-317.1835437596961,"pitch":10.6600685,"yaw":92.324165}