{"data-format":1,"ender-chest":[],"inventory":{"inventory":[],"armor":[]},"stats":{"can-fly":false,"display-name":"~§4J§0a§4w§0s§4h§r","exhaustion":2.6974068,"exp":0.1538462,"flying":false,"food":20,"gamemode":"SURVIVAL","health":100.0,"level":3,"potion-effects":"1:148001:3;5:148001:-2;3:148001:127;21:148001:19;10:148001:1;11:148001:4;13:148001:1;12:148001:1;","saturation":0.0,"fallDistance":0.0,"fireTicks":-20,"maxAir":300,"remainingAir":300}}