{"world":"1_9","x":-72.50478308316119,"y":67.0,"z":-317.0197671783223,"pitch":4.049998,"yaw":12.150162}