{"world":"greenfield","x":-1948.657479886754,"y":47.0,"z":-48.53257632176243,"pitch":14.549999,"yaw":39.282578}