{"world":"plots","x":266.2563341171541,"y":67.90775233628966,"z":-45.30280299321748,"pitch":9.450049,"yaw":183.13101}