{"world":"1_9","x":-123.98172743719431,"y":67.0,"z":-317.4921035913268,"pitch":7.050008,"yaw":280.95096}