{"world":"deathdrop","x":5.416582631830101,"y":253.0,"z":1.8173232677185291,"pitch":15.99005,"yaw":-93.47517}