{"world":"spawnworld","x":0.10590592498060822,"y":9.0,"z":26.31692153656399,"pitch":19.799988,"yaw":-348.4502}