{"world":"wooftywoo","x":20004.69999998808,"y":175.8069912606197,"z":15288.699999988079,"pitch":54.750046,"yaw":-62.70151}