{"world":"spawnworld","x":21.575787889666625,"y":9.0,"z":-31.62842941873044,"pitch":12.600019,"yaw":2.0996077}