{"world":"1_9","x":-106.98577026031259,"y":67.0,"z":-315.58399551549155,"pitch":17.39996,"yaw":274.20004}