{"world":"plots","x":52.23627156265125,"y":65.0,"z":1.4182795029925903,"pitch":12.300009,"yaw":-294.74994}