{"world":"spawnworld","x":1.0667800869446746,"y":10.0,"z":9.150547178716204,"pitch":3.3823316,"yaw":-27.150002}