{"world":"creative","x":24012.356842645986,"y":74.0,"z":24362.304250880432,"pitch":20.999971,"yaw":-342.74927}