{"world":"1_9","x":90.26336518475598,"y":67.0,"z":-317.93992109175036,"pitch":40.759876,"yaw":86.17726}