{"world":"1_9","x":128.51871204474895,"y":67.0,"z":-315.78477446226736,"pitch":24.749962,"yaw":42.150032}