{"world":"1_9","x":698.3045965847654,"y":41.0,"z":-1001.8000469967853,"pitch":6.1500773,"yaw":-164.10071}