{"world":"wooftywoo","x":646.987243150959,"y":104.0,"z":-1512.6655901916681,"pitch":42.450085,"yaw":-4.9161234}