{"world":"spawnworld","x":1.2906042133951385,"y":10.0,"z":51.699999988079064,"pitch":20.549994,"yaw":-148.80038}