{"world":"1_9","x":104.67936717706372,"y":63.0,"z":-320.33128147189103,"pitch":23.099983,"yaw":280.05017}