{"world":"obstaclecourse","x":-1.2302293594385532,"y":93.0,"z":-0.49181835321801287,"pitch":6.149998,"yaw":312.15054}