{"world":"greenfield","x":-556.9915705416247,"y":69.0,"z":-214.79735982669428,"pitch":-3.1559873,"yaw":68.46133}