{"world":"kidnapped","x":8.185605005528394,"y":6.374293313096549,"z":-248.8211508420867,"pitch":51.980392,"yaw":-166.8992}