{"world":"spawn","x":12.083455847991637,"y":9.0,"z":43.64026936103989,"pitch":12.489884,"yaw":-223.84454}