{"world":"1_9","x":-2816.744113358953,"y":76.9931355636394,"z":-1790.9027215693484,"pitch":11.399988,"yaw":83.06128}