{"world":"greenfield","x":-20.124384462410433,"y":69.82711731432457,"z":-27.059118153133976,"pitch":43.037735,"yaw":-9.179199}