{"world":"greenfield","x":-5.342083465425905,"y":100.62726089798383,"z":-174.1484230043664,"pitch":83.999985,"yaw":47.849525}