{"world":"1_9","x":-12.479040151856994,"y":31.0,"z":-324.27133728322315,"pitch":33.74994,"yaw":68.699455}