{"world":"1_9","x":117.30000001192093,"y":61.0,"z":-321.68338501063806,"pitch":-45.184387,"yaw":83.79855}