{"world":"spawn","x":1.3980270034967894,"y":10.0,"z":-9.792929461331035,"pitch":22.949997,"yaw":-161.55045}