{"world":"plots","x":218.47689258701476,"y":92.75178390334713,"z":83.47985117867212,"pitch":6.4499803,"yaw":174.3814}