{"world":"newspawn","x":13.636657411688626,"y":79.75771240400047,"z":-5.443336546260009,"pitch":35.099987,"yaw":-160.04938}