{"world":"flat","x":81.14584138852518,"y":35.681389452316765,"z":-797.0655648539575,"pitch":-8.249946,"yaw":-170.0733}