{"world":"1_9","x":24.465317901004493,"y":67.0,"z":-318.23609790913724,"pitch":3.4499764,"yaw":92.400055}