{"world":"1_9","x":739.4391245798121,"y":63.0,"z":-686.453691964705,"pitch":44.534412,"yaw":30.591858}