{"world":"1_9","x":747.7067460570468,"y":63.0,"z":-687.0168466065378,"pitch":27.945616,"yaw":341.0245}