{"world":"1_9","x":44.36649432706936,"y":67.0,"z":-316.4234433940924,"pitch":8.100011,"yaw":-93.89944}