{"world":"wooftywoo","x":652.4458023766346,"y":71.0,"z":-1472.616798008388,"pitch":13.349944,"yaw":-98.81915}