{"world":"1_9","x":6199.371063148168,"y":71.0,"z":3792.9964069587204,"pitch":89.399994,"yaw":-218.28928}