{"world":"1_9","x":110.51693959125525,"y":67.0,"z":-316.7360771650133,"pitch":29.525137,"yaw":-4.5742917}