{"world":"wooftywoo","x":2070.300000011921,"y":71.0,"z":-1132.7166274892886,"pitch":-90.0,"yaw":144.29433}