{"world":"1_9","x":23.680565270156148,"y":67.0,"z":-318.6480667273523,"pitch":10.199991,"yaw":74.10009}