{"world":"flat","x":-160.8648625866621,"y":35.11650136792814,"z":-96.65057901992867,"pitch":-22.650002,"yaw":-40.25586}