{"world":"1_9","x":147.72887243424756,"y":63.0,"z":-322.82031079291687,"pitch":22.05,"yaw":292.2003}