{"world":"gotham","x":-23.61304388904816,"y":27.0,"z":544.4610479443525,"pitch":42.691216,"yaw":186.67947}