{"world":"greenfield","x":-1943.862500011921,"y":22.322526966085885,"z":-45.639185223561114,"pitch":37.775963,"yaw":251.90321}