{"world":"spawnworld","x":0.5,"y":10.0,"z":0.5,"pitch":1.6499957,"yaw":-179.55048}