{"world":"1_9","x":-11.148116685407723,"y":67.0,"z":-316.4306676176879,"pitch":11.823269,"yaw":82.552734}