{"world":"1_9","x":2369.1606356231805,"y":69.0,"z":926.3893920384534,"pitch":28.050102,"yaw":19.655943}