{"world":"greenfield","x":-1.8334257376099807,"y":124.0,"z":-199.47969983854787,"pitch":6.7500224,"yaw":53.399563}