{"world":"wooftywoo","x":3096.569000032495,"y":67.0,"z":5652.766955460533,"pitch":36.74993,"yaw":337.79788}