{"world":"colosseum","x":-21.304236520263675,"y":87.0,"z":6.8272471880328425,"pitch":8.442797,"yaw":349.43332}