{"world":"wooftywoo","x":1018.4076996330801,"y":239.0,"z":-4717.193841806663,"pitch":72.51467,"yaw":19.909454}