{"world":"1_9","x":-2667.9161365431273,"y":67.0,"z":1292.699999988079,"pitch":10.350008,"yaw":-103.2111}