{"world":"1_9","x":90.08355622216332,"y":67.0,"z":-316.8887594672528,"pitch":5.6427298,"yaw":217.16275}