{"world":"spawn","x":-2.5070964390518213,"y":9.0,"z":-36.83567813281729,"pitch":36.291992,"yaw":-213.02388}