{"world":"1_9","x":129.49683451067,"y":67.0,"z":-317.550688110391,"pitch":2.9999967,"yaw":270.4503}