{"world":"1_9","x":112.06754882944009,"y":67.0,"z":-317.50552884217086,"pitch":21.449986,"yaw":-40.19993}