{"world":"anarchy","x":-4.299614637128196,"y":64.0,"z":270.46557571551546,"pitch":46.500034,"yaw":43.046753}