{"world":"spawn","x":15.322303903040092,"y":9.0,"z":-21.955905868837817,"pitch":8.849988,"yaw":79.79955}