{"world":"1_9","x":63.33561727682798,"y":67.0,"z":-316.02301992629947,"pitch":-22.349987,"yaw":58.950073}