{"world":"1_9","x":1331.0285372274925,"y":71.0,"z":1984.897766683217,"pitch":44.55021,"yaw":2.7279663}