{"world":"1_9","x":87.30000001192093,"y":67.0,"z":-316.30000001192093,"pitch":24.89998,"yaw":61.950047}