{"world":"1_9","x":76.04634347843444,"y":67.0,"z":-315.7528026659292,"pitch":17.249987,"yaw":70.65006}