{"world":"1_9","x":1370.3015763548326,"y":64.25670037524742,"z":2045.5348439074537,"pitch":50.994442,"yaw":65.43921}