{"world":"1_9","x":-219.23568163602988,"y":3.36786645238812,"z":-425.31027860578047,"pitch":15.383925,"yaw":-226.99182}