{"world":"1_9","x":485.8602670333568,"y":65.0,"z":1051.3676642309788,"pitch":17.849997,"yaw":-124.92407}