{"world":"creative","x":25358.290937864993,"y":67.32499370326804,"z":24311.156569245206,"pitch":36.799377,"yaw":-0.5336609}