{"world":"spawnworld","x":-6.075124753536057,"y":9.0,"z":-36.422846863489895,"pitch":17.400002,"yaw":-49.800346}