{"world":"plots","x":711.3239133971463,"y":65.0,"z":-1935.0990424001834,"pitch":56.8224,"yaw":-358.10486}