{"world":"spawn","x":0.5607366578317587,"y":10.0,"z":0.0013280268283301644,"pitch":6.5849204,"yaw":175.9696}