{"world":"spleef","x":19.102253664647574,"y":54.0,"z":-18.700891071038143,"pitch":24.149992,"yaw":359.9908}