{"world":"1_9","x":3780.471347527373,"y":67.54528769625556,"z":382.30000001192093,"pitch":73.05,"yaw":-133.17271}