{"world":"1_9","x":-345.0316235042474,"y":106.36813641253136,"z":1568.1238208303123,"pitch":37.35,"yaw":-110.10788}