{"world":"1_9","x":-32.961718705002326,"y":67.0,"z":-317.1016818428461,"pitch":9.599989,"yaw":43.20022}