{"world":"greenfield","x":-5.168359407814945,"y":123.0625,"z":-194.12398450517279,"pitch":18.599989,"yaw":-243.15048}