{"world":"wooftywoo","x":3999.9304286772463,"y":91.0,"z":4123.034970875538,"pitch":-1.8000103,"yaw":-13.801176}