{"world":"greenfield","x":50.386087210008974,"y":69.0,"z":-238.79786916279892,"pitch":39.899956,"yaw":115.942505}