{"world":"1_9","x":1344.8097211354825,"y":69.0,"z":2038.15550748212,"pitch":26.999998,"yaw":52.82642}