{"world":"1_9","x":1346.6397389709264,"y":64.0,"z":2034.1576556134844,"pitch":15.749981,"yaw":180.62648}