{"world":"1_9","x":2351.82982701689,"y":80.36104227036117,"z":926.6444610947202,"pitch":90.0,"yaw":-145.9477}