{"world":"greenfield","x":-3.22401914103449,"y":78.0,"z":245.07684643865187,"pitch":45.3,"yaw":295.49463}