{"world":"spawn","x":0.7057642322006679,"y":10.0,"z":10.336833423949127,"pitch":1.4999989,"yaw":-0.90045536}