{"world":"1_9","x":1302.581771482043,"y":67.55000001192093,"z":2044.0203643751647,"pitch":-33.319775,"yaw":-139.47488}