{"world":"1_9","x":1344.3618856648136,"y":64.0,"z":2040.6768646229596,"pitch":4.4613185,"yaw":-36.46057}