{"world":"greenfield","x":-15.031598927498031,"y":124.0,"z":-202.13451996577876,"pitch":36.600048,"yaw":-354.44934}