{"world":"1_9","x":-2026.8288717983853,"y":69.0541375359831,"z":-2853.1228376273575,"pitch":12.0000925,"yaw":310.61377}