{"world":"greenfield","x":-1070.5,"y":69.0,"z":-56.5,"pitch":12.599979,"yaw":40.630505}