{"world":"spawn","x":21.49109646099714,"y":9.0,"z":-39.61496987371778,"pitch":-15.300007,"yaw":-139.5008}