{"world":"1_9","x":83.4636526310525,"y":99.5707877746344,"z":-925.8054016021143,"pitch":8.550051,"yaw":-183.38275}