{"world":"flat","x":428.6621996060111,"y":9.381931981586925,"z":-12.88617218089695,"pitch":27.299797,"yaw":90.29889}