{"world":"1_9","x":104.55002449954921,"y":63.0,"z":-309.30000001192093,"pitch":19.949984,"yaw":278.2501}