{"world":"1_9","x":31.215173019789454,"y":68.0,"z":-319.57548611155937,"pitch":18.749992,"yaw":89.1004}