{"world":"wooftywoo","x":3703.0439997194826,"y":53.645050570226324,"z":6255.042028347631,"pitch":-66.55351,"yaw":-289.47455}