{"world":"spawnworld","x":6.8106504586576575,"y":9.0,"z":-21.68966516591575,"pitch":9.44999,"yaw":-75.90057}