{"world":"1_9","x":-6.87691701363417,"y":67.0,"z":-316.6656315450209,"pitch":13.083627,"yaw":89.03822}