{"world":"plots","x":-1904.5026866958071,"y":81.65120744009421,"z":428.2039615724745,"pitch":12.600015,"yaw":-270.3164}