{"world":"1_9","x":12.6280147699296,"y":32.94111336249918,"z":-207.67842632396645,"pitch":50.39999,"yaw":175.80031}