{"world":"1_9","x":68.49443639599222,"y":46.07247295123822,"z":-318.4292630167478,"pitch":-90.0,"yaw":14.100078}