{"world":"1_9","x":-26.356745088918593,"y":68.0,"z":-312.87977805429495,"pitch":12.38834,"yaw":-89.87155}