{"world":"1_9","x":117.40406172072215,"y":67.0,"z":-299.0997771766529,"pitch":16.949991,"yaw":213.30261}