{"world":"spleef","x":-35.411511393609224,"y":-228.5150532114317,"z":-27.33325773825288,"pitch":32.249992,"yaw":145.7912}