{"world":"spawn","x":-13.699999988079071,"y":9.0,"z":-33.590610947026846,"pitch":15.247954,"yaw":242.69827}