{"world":"1_9","x":1352.4862387560538,"y":63.0,"z":2044.5655512032627,"pitch":30.149832,"yaw":85.97806}