{"world":"1_9","x":3484.9470028269093,"y":72.88985771489048,"z":483.97603498958983,"pitch":17.50079,"yaw":27.817171}