{"world":"infiniteparkour","x":-148.53940453621055,"y":65.0,"z":44.10788313608768,"pitch":26.716795,"yaw":182.6831}