{"world":"wooftywoo","x":2070.3598542191826,"y":65.0,"z":200.04790571393218,"pitch":-1.4449606,"yaw":-5.0733047}