{"world":"1_9","x":106.76897416604433,"y":67.0,"z":-319.06996202868515,"pitch":37.800003,"yaw":149.70035}