{"world":"colosseumlobby","x":0.29832495184477037,"y":88.0,"z":-15.640120037986499,"pitch":1.0499991,"yaw":180.00002}