{"world":"1_9","x":309.6401869514902,"y":181.76613569843985,"z":-9.87885838977442,"pitch":64.499985,"yaw":322.0518}