{"world":"1_9","x":79.71178721207993,"y":59.19936763399405,"z":-321.2296339209003,"pitch":-2.4000032,"yaw":-85.64986}