{"world":"1_9","x":126.03478117911486,"y":68.0,"z":-313.72668392660535,"pitch":20.399994,"yaw":61.500145}