{"world":"1_9","x":105.47850908190989,"y":67.0,"z":-316.56474658042225,"pitch":74.100006,"yaw":-194.09991}