{"world":"wooftywoo","x":3999.0384086499594,"y":91.0,"z":4115.64088704966,"pitch":21.15004,"yaw":358.04926}