{"world":"greenfield","x":-1282.906962454724,"y":109.04457311730236,"z":-10.01001505127967,"pitch":2.550033,"yaw":-89.118805}