{"world":"1_9","x":-2531.952297458999,"y":70.0,"z":925.3000000119209,"pitch":7.494432,"yaw":-3.817116}