{"world":"colosseum","x":-28.467751426403016,"y":77.0,"z":-1.6999999880790706,"pitch":16.985561,"yaw":-56.339226}