{"world":"greenfield","x":-0.3000000119209283,"y":118.0,"z":-187.6429193227101,"pitch":89.41519,"yaw":-107.53601}