{"world":"wooftywoo","x":4000.6672234185276,"y":91.0,"z":4118.065742810628,"pitch":84.74998,"yaw":-29.851173}