{"world":"flat","x":-700.9309917776765,"y":4.0,"z":271.32221937968825,"pitch":8.549996,"yaw":-268.25284}