{"world":"spawn","x":0.5035439955536276,"y":10.0,"z":-0.4892601438856431,"pitch":1.6499957,"yaw":-179.55048}