{"world":"spawn","x":0.20361180712558138,"y":9.0,"z":-14.665936736524005,"pitch":6.2803087,"yaw":183.99594}