{"world":"greenfield","x":3.3030983464223675,"y":124.0,"z":-200.25761943713957,"pitch":33.000015,"yaw":-13.35083}