{"world":"1_9","x":-2660.8322797339897,"y":67.0,"z":1280.1372389064763,"pitch":-5.699991,"yaw":-163.66109}