{"world":"1_9","x":-2655.3315145431875,"y":77.0,"z":1265.251367279103,"pitch":32.250008,"yaw":-90.01114}