{"world":"1_9","x":-120.41166293941984,"y":81.76817635009171,"z":-314.47945741924013,"pitch":54.150017,"yaw":51.449898}