{"world":"spawn","x":-12.5,"y":9.0,"z":-24.5,"pitch":7.500004,"yaw":-81.00043}