{"world":"1_9","x":80.127833924319,"y":63.0,"z":-380.60077831113006,"pitch":-68.99996,"yaw":1.5033889}