{"world":"infiniteparkour","x":2.420403173315204,"y":61.0,"z":-5.561913756550743,"pitch":-49.64998,"yaw":26.400635}