{"world":"1_9","x":7746.6722553577565,"y":63.0,"z":-6144.7864035121065,"pitch":21.749943,"yaw":349.80933}