{"world":"greenfield","x":310.69999998807907,"y":69.0,"z":-165.44823841628556,"pitch":15.315189,"yaw":279.55762}