{"world":"spawn","x":-9.777583093536448,"y":9.0,"z":-40.48042188991722,"pitch":20.496082,"yaw":-157.60512}