{"world":"colosseum","x":13.15047879213738,"y":77.0,"z":-2.5585334498989623,"pitch":-4.925836,"yaw":-55.806744}