{"world":"1_9","x":-1235.1488078811979,"y":82.1957976129347,"z":-2969.510483820748,"pitch":36.567623,"yaw":-180.40857}