{"world":"plots","x":0.5,"y":65.0,"z":0.5,"pitch":13.49758,"yaw":-2.577197}