{"world":"1_9","x":-126.09807766678006,"y":67.0,"z":-317.2330801333158,"pitch":11.00782,"yaw":-91.50465}