{"world":"1_9","x":36.962819386998035,"y":67.0,"z":-317.5576046583664,"pitch":17.999985,"yaw":-89.69949}