{"world":"1_9","x":2367.233103663157,"y":186.5,"z":953.1237204428265,"pitch":85.95,"yaw":189.30226}