{"world":"1_9","x":2370.210180553193,"y":74.5,"z":922.1132108065561,"pitch":6.600919,"yaw":-25.936096}