{"world":"1_9","x":73.3099807088076,"y":52.54478064963121,"z":-322.8424774860768,"pitch":-17.99997,"yaw":-90.149704}