{"world":"wooftywoo","x":2116.699999988079,"y":72.0,"z":-1154.9332427474544,"pitch":50.400013,"yaw":181.79828}