{"world":"1_9","x":289.02983630547465,"y":76.5625,"z":-1033.8022036941738,"pitch":32.55,"yaw":77.93829}