{"world":"1_9","x":966.9919281086813,"y":72.0,"z":-1060.3585620112003,"pitch":48.708107,"yaw":105.476685}