{"world":"1_9_the_end","x":435.64300603325256,"y":12.5,"z":5.686358507253953,"pitch":24.750214,"yaw":-96.298134}