{"world":"creative","x":-1262.7528958048215,"y":129.74832762915457,"z":-1381.787389187279,"pitch":75.45308,"yaw":-163.55255}