{"world":"flat","x":-31.535315480270057,"y":19.129473016318915,"z":11.895164495327128,"pitch":7.0499735,"yaw":301.04916}