{"world":"spawn","x":-42.38955355630047,"y":9.0,"z":5.212313335952303,"pitch":24.899996,"yaw":9.449383}