{"world":"1_9","x":-570.6704024563978,"y":39.0,"z":-1037.300000011921,"pitch":-2.6695948,"yaw":241.00256}