{"world":"spawn","x":-0.6644863265696482,"y":9.0,"z":-41.07499998807907,"pitch":17.549997,"yaw":-175.50052}