{"world":"1_9","x":-129.0792883955273,"y":52.53597560577699,"z":-310.3108179227304,"pitch":33.453403,"yaw":150.38126}