{"world":"1_9","x":90.50689314873576,"y":67.0,"z":-317.98928257855835,"pitch":16.799957,"yaw":73.651184}