{"world":"1_9","x":52.664210223732816,"y":31.0,"z":-293.86130367336017,"pitch":30.749989,"yaw":-204.1498}