{"world":"wooftywoo","x":4002.959283778734,"y":91.0,"z":4038.3329391909456,"pitch":0.2999903,"yaw":176.84949}