{"world":"skyscraper","x":-4.818916783235572,"y":47.0,"z":23.43938326281572,"pitch":6.5998974,"yaw":29.69397}