{"world":"hilariousrace","x":-0.3947120132744369,"y":79.0,"z":63.192260254950064,"pitch":24.700798,"yaw":-344.98456}