{"world":"1_9","x":-104.42702148351611,"y":67.0,"z":-315.8402360942032,"pitch":9.635045,"yaw":-18.396482}