{"world":"1_9","x":64.08882904130726,"y":67.0,"z":-316.97039046861534,"pitch":12.449992,"yaw":-276.29953}