{"world":"wooftywoo","x":3998.6926455071957,"y":91.0,"z":4086.9267123719437,"pitch":51.300007,"yaw":-51.451447}