{"world":"spawn","x":-2.716465900773046,"y":10.0,"z":1.0540579576717686,"pitch":8.699997,"yaw":-225.7505}