{"world":"1_9","x":-480.2578496416875,"y":74.0,"z":58.832192895519086,"pitch":90.0,"yaw":345.00244}