{"world":"1_9","x":-480.0173522447646,"y":65.0,"z":59.50889100726813,"pitch":34.949993,"yaw":273.75015}