{"world":"flat","x":-784.5,"y":4.0,"z":1148.5,"pitch":7.45989,"yaw":9.485267}