{"world":"1_9","x":123.13404056533969,"y":66.08398933788706,"z":-320.73611609933056,"pitch":23.249958,"yaw":295.79993}