{"world":"1_9","x":126.01861790052129,"y":63.0,"z":-341.7171632284851,"pitch":7.7999864,"yaw":-248.85005}