{"world":"1_9","x":-131.65256171967798,"y":72.0,"z":-313.37957762569505,"pitch":1.4104352,"yaw":93.3418}