{"world":"flat","x":19953.730020599145,"y":15.743861900117547,"z":19916.526605028088,"pitch":32.850018,"yaw":258.44574}