{"world":"1_9","x":-137.20748563228145,"y":48.949996702038185,"z":-310.12493301436376,"pitch":-25.179844,"yaw":-118.333084}