{"world":"1_9","x":-44.68771408079192,"y":67.0,"z":-316.5417935455752,"pitch":89.7,"yaw":-2.4004807}