{"world":"wooftywoo","x":4001.0970801996755,"y":91.0,"z":4085.111249325411,"pitch":7.833419,"yaw":-214.83908}