{"world":"1_9","x":16.68258143938227,"y":67.0,"z":-317.6653305512719,"pitch":7.6236377,"yaw":49.082977}