{"world":"checkers","x":-15.701769176085243,"y":92.0,"z":-2.547822910622974,"pitch":17.99994,"yaw":283.917}