{"world":"1_9","x":-107.3225408982141,"y":67.0,"z":-315.80227256279716,"pitch":26.534676,"yaw":-56.082245}