{"world":"1_9","x":-230.09551743855343,"y":67.0,"z":-318.62455984121533,"pitch":34.499977,"yaw":-39.74985}