{"world":"plots","x":241.0337486695123,"y":83.24313577178174,"z":-86.9243841815002,"pitch":21.299995,"yaw":178.90698}