{"world":"1_9","x":97.0610743227756,"y":63.0,"z":-361.4903067550426,"pitch":8.699988,"yaw":260.39966}