{"world":"1_9","x":-185.33393863557646,"y":68.0,"z":-319.12230632615893,"pitch":15.749927,"yaw":101.70021}