{"world":"1_9","x":39.30000001192093,"y":67.0,"z":-316.53272730369844,"pitch":20.70001,"yaw":90.000084}