{"world":"1_9","x":64.62564863998432,"y":67.0,"z":-315.30000001192093,"pitch":48.750008,"yaw":343.0501}