{"world":"greenfield","x":-14.334824431330565,"y":124.0625,"z":-191.451359621721,"pitch":47.100014,"yaw":166.49954}