{"world":"1_9","x":-185.69999998807907,"y":67.0,"z":-311.4791080351853,"pitch":7.950018,"yaw":-13.649908}