{"world":"spawn","x":0.7665635061426255,"y":10.0,"z":0.8676240507930552,"pitch":1.6499957,"yaw":-179.55048}