{"world":"hurdles","x":-0.23342143794054687,"y":78.0,"z":-293.050118303708,"pitch":19.636726,"yaw":-179.87807}