{"world":"1_9","x":2232.6191985634723,"y":66.0,"z":466.50886080845686,"pitch":22.598503,"yaw":-264.56387}