{"world":"1_9","x":129.5,"y":67.0,"z":-317.5,"pitch":6.449979,"yaw":75.75003}