{"world":"flat","x":19929.997992865778,"y":10.200000047683716,"z":19981.92166039507,"pitch":-90.0,"yaw":14.1324005}