{"world":"1_9","x":113.8712165669555,"y":67.0,"z":-317.3408997555168,"pitch":-1.4887135,"yaw":-79.88176}