{"world":"creative","x":25033.69999998808,"y":77.0800301818406,"z":24167.822360221613,"pitch":15.844602,"yaw":-342.95117}