{"world":"1_9","x":-589.5233799422903,"y":73.0,"z":392.2722153140797,"pitch":66.59996,"yaw":-323.71368}