{"world":"1_9","x":-509.83351350272187,"y":67.98333554948366,"z":83.07176118780382,"pitch":22.19998,"yaw":245.83517}