{"world":"1_9","x":76.23556530874374,"y":67.0,"z":-318.69999998807907,"pitch":9.5999975,"yaw":3.300232}