{"world":"1_9","x":190.79745983695886,"y":61.28041224204526,"z":-320.72260558354014,"pitch":68.23061,"yaw":-85.98543}