{"world":"1_9","x":-36.89231050048147,"y":68.45604663572168,"z":-317.0714849679399,"pitch":49.349964,"yaw":138.15329}