{"world":"spawn","x":-20.86627915906665,"y":9.0,"z":1.2434115178263434,"pitch":7.0499988,"yaw":88.49069}