{"world":"spawn","x":4.849512039593833,"y":9.0,"z":-18.774642439261534,"pitch":22.049423,"yaw":-157.16876}