{"world":"plots","x":-227.10201476124234,"y":69.99323530006211,"z":21.97771345253244,"pitch":29.850018,"yaw":204.1416}