{"world":"1_9","x":-11.654717282804077,"y":72.0,"z":-312.31029308537376,"pitch":40.950005,"yaw":49.50177}