{"world":"1_9","x":2567.6763935774097,"y":80.08892198546013,"z":496.7175554709287,"pitch":44.250088,"yaw":-17.91859}