{"world":"1_9","x":144.11632275628608,"y":58.0,"z":-308.7778160689494,"pitch":8.7292795,"yaw":-310.72406}