{"world":"flat","x":-186.35924144331693,"y":4.0,"z":-961.218178326727,"pitch":-16.200056,"yaw":-342.1378}