{"world":"1_9","x":7702.471151373788,"y":63.0,"z":-6141.052020756896,"pitch":71.7281,"yaw":-222.86572}