{"world":"elytrahard","x":0.5,"y":4.0,"z":0.5,"pitch":1.3499867,"yaw":-112.35017}