{"world":"1_9","x":80.30000001192091,"y":67.85751552351007,"z":-378.5364562914727,"pitch":8.69997,"yaw":-333.9027}