{"world":"1_9","x":104.88538615664078,"y":67.0,"z":-317.8997972751326,"pitch":30.449858,"yaw":-266.2541}