{"world":"1_9","x":-577.6999999880791,"y":64.0,"z":-1079.8527734064223,"pitch":13.349983,"yaw":48.2713}