{"world":"spawn","x":2.561244048605714,"y":10.0,"z":-9.899193253499007,"pitch":15.396056,"yaw":76.908325}