{"world":"greenfield","x":1385.0408593330003,"y":69.0,"z":-62.32995105363743,"pitch":31.7803,"yaw":211.10815}