{"world":"1_9","x":20.16314882400806,"y":67.0,"z":-317.6635903537926,"pitch":25.200005,"yaw":-100.1997}