{"world":"spawnworld","x":0.499923069939878,"y":10.0,"z":4.856863374852637,"pitch":-10.350006,"yaw":198.5997}