{"world":"1_9","x":-672.7365927171659,"y":80.74314264408153,"z":-28.522105738267264,"pitch":18.480244,"yaw":295.378}