{"world":"wooftywoo","x":247.86011798216896,"y":66.0,"z":236.8822684266054,"pitch":13.949972,"yaw":332.0972}