{"world":"greenfield","x":-456.55605221726,"y":69.0,"z":-214.9120855546472,"pitch":-0.1499415,"yaw":-271.01868}