{"world":"deathdrop","x":4.40652181727873,"y":75.0,"z":-7.187437251006789,"pitch":85.64999,"yaw":-90.75012}